Zone,Total_Importance
East,3.293273427042259
South,2.7021732899844446
West,2.622264264689716
North,2.608977164080037
